ds,merchant_name,merchant_city,mcc,transaction_count,total_amount_vnd,avg_amount_vnd,max_amount_vnd,unique_customers
2002-09-17,-34551508091458520,La Verne,5912,8,2.9473128E7,3684141.0,4204430.0,1
2002-09-12,4060646732831064559,La Verne,5411,12,2.8153788E7,2346149.0,3214131.0,1
2002-10-14,-2187837027406294082,San Diego,3058,1,2.7635204E7,2.7635204E7,2.7635204E7,1
2002-09-20,-245178307025547046,La Verne,5311,8,2.363452E7,2954315.0,3150690.0,1
2002-09-04,-727612092139916043,Monterey Park,5411,8,2.288482E7,2860602.5,3250984.0,1
2002-09-29,5817218446178736267,La Verne,5912,9,2.2146702E7,2460744.6666666665,3165432.0,1
2003-03-28,1325201427189385167,Rosemead,3132,1,2.0127143E7,2.0127143E7,2.0127143E7,1
2002-09-19,5817218446178736267,La Verne,5912,4,1.7701148E7,4425287.0,4425287.0,1
2002-09-01,3527213246127876953,La Verne,5300,5,1.764876E7,3529752.0,3529752.0,1
2002-09-14,-34551508091458520,La Verne,5912,4,1.7307344E7,4326836.0,4326836.0,1
2002-09-11,4060646732831064559,La Verne,5411,4,1.709886E7,4274715.0,4274715.0,1
2002-09-10,-4282466774399734331,Mira Loma,4829,4,1.6847204E7,4211801.0,4211801.0,1
2002-09-27,-727612092139916043,Monterey Park,5411,3,1.5771351E7,5257117.0,5257117.0,1
2002-09-08,-34551508091458520,La Verne,5912,4,1.5525752E7,3881438.0,3881438.0,1
2002-09-21,2027553650310142703,Mira Loma,5541,4,1.5320424E7,3830106.0,3830106.0,1
2002-09-09,-8338381919281017248,ONLINE,4899,4,1.5257248E7,3814312.0,3814312.0,1
2002-09-23,3527213246127876953,La Verne,5300,4,1.4203244E7,3550811.0,3550811.0,1
2002-10-16,-811651038065591449,La Verne,6300,1,1.3720994E7,1.3720994E7,1.3720994E7,1
2002-09-02,3414527459579106770,Monterey Park,5651,4,1.3577792E7,3394448.0,3394448.0,1
2002-09-18,3527213246127876953,La Verne,5300,4,1.3567264E7,3391816.0,3391816.0,1
2002-09-13,1913477460590765860,La Verne,5300,4,1.3350356E7,3337589.0,3337589.0,1
2002-09-15,-245178307025547046,La Verne,5311,4,1.3297708E7,3324427.0,3324427.0,1
2002-09-29,838425044734233142,Mira Loma,4814,3,1.3106073E7,4368691.0,4368691.0,1
2002-09-25,5817218446178736267,La Verne,5912,3,1.2813876E7,4271292.0,4271292.0,1
2002-09-02,-727612092139916043,Monterey Park,5411,4,1.2671204E7,3167801.0,3167801.0,1
2002-09-07,-727612092139916043,Monterey Park,5411,4,1.2324784E7,3081196.0,3081196.0,1
2002-09-16,3527213246127876953,La Verne,5300,4,1.2144728E7,3036182.0,3036182.0,1
2002-09-28,7945328079774550558,La Verne,4900,3,1.2111033E7,4037011.0,4037011.0,1
2002-09-06,2027553650310142703,Mira Loma,5541,4,1.1621412E7,2905353.0,2905353.0,1
2002-09-15,5817218446178736267,La Verne,5912,4,1.1576136E7,2894034.0,2894034.0,1
2003-01-24,-811651038065591449,La Verne,6300,1,1.1377654E7,1.1377654E7,1.1377654E7,1
2003-05-11,-6406662083475903219,Eagle Pass,3390,1,1.1319215E7,1.1319215E7,1.1319215E7,1
2002-09-28,5817218446178736267,La Verne,5912,3,1.1190228E7,3730076.0,3730076.0,1
2002-09-03,5817218446178736267,La Verne,5912,4,1.102544E7,2756360.0,2756360.0,1
2002-10-06,-7421093378627544099,ONLINE,5311,3,1.1007804E7,3669268.0,3669268.0,1
2002-10-02,2027553650310142703,Mira Loma,5541,3,1.1003856E7,3667952.0,3667952.0,1
2002-09-10,3527213246127876953,La Verne,5300,4,1.0759044E7,2689761.0,2689761.0,1
2002-09-30,-7421093378627544099,ONLINE,5311,3,1.0054623E7,3351541.0,3351541.0,1
2002-11-26,6515854639642454768,Calexico,3066,1,9995920.0,9995920.0,9995920.0,1
2002-09-18,-4500542936415012428,La Verne,5814,4,9718732.0,2429683.0,2429683.0,1
2002-10-01,5817218446178736267,La Verne,5912,3,9455229.0,3151743.0,3151743.0,1
2002-09-03,-7146670748125200898,Monterey Park,5970,4,9075380.0,2268845.0,2268845.0,1
2002-10-04,3527213246127876953,La Verne,5300,3,9071430.0,3023810.0,3023810.0,1
2002-09-24,3527213246127876953,La Verne,5300,3,8897691.0,2965897.0,2965897.0,1
2002-09-22,3952145593743244256,La Verne,7538,4,8728956.0,2182239.0,2182239.0,1
2002-09-15,-5904116920141006298,Diamond Bar,5719,4,8565748.0,2141437.0,2141437.0,1
2002-09-11,-1605794445852049456,La Verne,5812,4,8442556.0,2110639.0,2110639.0,1
2002-10-03,-727612092139916043,Monterey Park,5411,3,8113509.0,2704503.0,2704503.0,1
2002-09-08,-727612092139916043,Monterey Park,5411,4,8062440.0,2015610.0,2015610.0,1
2002-09-22,-5023497618971072366,Mira Loma,5812,4,8041380.0,2010345.0,2010345.0,1
2002-09-05,-4500542936415012428,La Verne,5814,4,8009792.0,2002448.0,2002448.0,1
2002-09-26,3527213246127876953,La Verne,5300,3,7373547.0,2457849.0,2457849.0,1
2003-03-02,4060646732831064559,La Verne,5411,2,7137423.0,3568711.5,3933032.0,1
2002-10-07,4060646732831064559,La Verne,5411,2,7052660.0,3526330.0,3526330.0,1
2003-06-29,2027553650310142703,Mira Loma,5541,2,6962370.0,3481185.0,3903813.0,1
2002-09-09,-3345936507911876459,La Verne,7538,4,6896824.0,1724206.0,1724206.0,1
2002-12-23,-8566951830324093739,Waynesville,3640,1,6712558.0,6712558.0,6712558.0,1
2002-09-11,2027553650310142703,Mira Loma,5541,12,6534608.0,544550.6666666666,2606052.0,1
2002-09-05,-727612092139916043,Monterey Park,5411,4,6498808.0,1624702.0,1624702.0,1
2002-09-23,-4500542936415012428,La Verne,5814,3,6369033.0,2123011.0,2123011.0,1
2002-09-30,-4500542936415012428,La Verne,5814,3,6321651.0,2107217.0,2107217.0,1
2002-09-28,4060646732831064559,La Verne,5411,3,6196086.0,2065362.0,2065362.0,1
2002-11-23,3129259766334579731,La Verne,8011,1,6026034.0,6026034.0,6026034.0,1
2002-09-05,4055257078481058705,La Verne,7538,4,6012344.0,1503086.0,1503086.0,1
2003-01-24,8099188931555596779,ONLINE,7996,1,5999184.0,5999184.0,5999184.0,1
2002-09-09,3189517333335617109,La Verne,5311,4,5940744.0,1485186.0,1485186.0,1
2003-05-11,1715299929786123066,Austin,3722,1,5843874.0,5843874.0,5843874.0,1
2002-12-16,-7421093378627544099,ONLINE,5311,2,5768062.0,2884031.0,3206497.0,1
2003-05-01,3527213246127876953,La Verne,5300,1,5732524.0,5732524.0,5732524.0,1
2002-10-26,-8135850083113399757,La Verne,8043,1,5698303.0,5698303.0,5698303.0,1
2002-09-05,-9092677072201095172,ONLINE,4900,4,5676456.0,1419114.0,1419114.0,1
2002-12-20,2027553650310142703,Mira Loma,5541,2,5661977.0,2830988.5,3240981.0,1
2002-09-19,4055257078481058705,La Verne,7538,4,5590112.0,1397528.0,1397528.0,1
2002-12-02,-7807051024009846392,Peoria,3684,1,5554312.0,5554312.0,5554312.0,1
2002-12-08,6654290286221782850,ONLINE,4899,1,5553260.0,5553260.0,5553260.0,1
2002-09-22,4055257078481058705,La Verne,7538,4,5473236.0,1368309.0,1368309.0,1
2002-10-14,7834055923142137930,Tilden,3395,1,5449017.0,5449017.0,5449017.0,1
2002-10-23,1913477460590765860,La Verne,5300,1,5307395.0,5307395.0,5307395.0,1
2003-01-09,2027553650310142703,Mira Loma,5541,4,5273701.0,1318425.25,3496321.0,1
2002-09-21,-5475680618560174533,Monterey Park,5942,4,5089960.0,1272490.0,1272490.0,1
2003-04-12,-3289339997738008669,ONLINE,4899,1,5066270.0,5066270.0,5066270.0,1
2002-09-01,-727612092139916043,Monterey Park,5411,5,5064690.0,1012938.0,1012938.0,1
2002-09-22,4060646732831064559,La Verne,5411,4,5002568.0,1250642.0,1250642.0,1
2003-04-01,-558490004391330221,Ontario,4899,1,4959395.0,4959395.0,4959395.0,1
2003-01-02,3527213246127876953,La Verne,5300,1,4928070.0,4928070.0,4928070.0,1
2002-11-15,3527213246127876953,La Verne,5300,1,4907011.0,4907011.0,4907011.0,1
2003-02-17,8528733969764750207,ONLINE,4899,1,4887269.0,4887269.0,4887269.0,1
2002-12-28,5817218446178736267,La Verne,5912,1,4874107.0,4874107.0,4874107.0,1
2003-03-02,5817218446178736267,La Verne,5912,2,4771444.0,2385722.0,3836424.0,1
2002-09-07,-5475680618560174533,Monterey Park,5942,4,4769864.0,1192466.0,1192466.0,1
2002-11-03,5817218446178736267,La Verne,5912,1,4753544.0,4753544.0,4753544.0,1
2002-12-11,838425044734233142,Mira Loma,4814,1,4679048.0,4679048.0,4679048.0,1
2002-09-13,-34551508091458520,La Verne,5912,4,4676152.0,1169038.0,1169038.0,1
2002-09-16,4060646732831064559,La Verne,5411,4,4659304.0,1164826.0,1164826.0,1
2002-11-29,5817218446178736267,La Verne,5912,1,4554799.0,4554799.0,4554799.0,1
2002-09-27,4055257078481058705,La Verne,7538,3,4551903.0,1517301.0,1517301.0,1
2002-10-11,5817218446178736267,La Verne,5912,1,4545323.0,4545323.0,4545323.0,1
2003-06-06,5817218446178736267,La Verne,5912,1,4460034.0,4460034.0,4460034.0,1
2002-10-12,4060646732831064559,La Verne,5411,1,4447662.0,4447662.0,4447662.0,1
2002-11-09,7945328079774550558,La Verne,4900,1,4436342.0,4436342.0,4436342.0,1
2002-09-25,-1288082279022882052,La Verne,5499,9,4403439.0,489271.0,2632376.0,1
2002-11-09,-34551508091458520,La Verne,5912,1,4396067.0,4396067.0,4396067.0,1
2002-09-28,4055257078481058705,La Verne,7538,3,4375797.0,1458599.0,1458599.0,1
2003-05-30,-5023497618971072366,Mira Loma,5812,2,4366322.0,2183161.0,2402043.0,1
2002-10-22,1913477460590765860,La Verne,5300,1,4329995.0,4329995.0,4329995.0,1
2002-09-15,4060646732831064559,La Verne,5411,4,4297092.0,1074273.0,1074273.0,1
2003-02-16,5817218446178736267,La Verne,5912,1,4254709.0,4254709.0,4254709.0,1
2002-11-01,838425044734233142,Mira Loma,4814,1,4251550.0,4251550.0,4251550.0,1
2003-01-20,4060646732831064559,La Verne,5411,2,4235493.0,2117746.5,3956724.0,1
2002-09-09,4060646732831064559,La Verne,5411,8,4233912.0,529239.0,987141.0,1
2003-05-18,3527213246127876953,La Verne,5300,1,4233123.0,4233123.0,4233123.0,1
2002-12-29,-245178307025547046,La Verne,5311,1,4216276.0,4216276.0,4216276.0,1
2002-10-11,4060646732831064559,La Verne,5411,1,4197586.0,4197586.0,4197586.0,1
2002-10-05,-3345936507911876459,La Verne,7538,3,4195743.0,1398581.0,1398581.0,1
2003-04-30,4060646732831064559,La Verne,5411,1,4176264.0,4176264.0,4176264.0,1
2003-04-06,7945328079774550558,La Verne,4900,1,4161522.0,4161522.0,4161522.0,1
2003-07-27,2027553650310142703,Mira Loma,5541,1,4161259.0,4161259.0,4161259.0,1
2002-11-17,5817218446178736267,La Verne,5912,1,4158101.0,4158101.0,4158101.0,1
2003-04-17,1913477460590765860,La Verne,5300,1,4140727.0,4140727.0,4140727.0,1
2003-01-07,3527213246127876953,La Verne,5300,1,4138884.0,4138884.0,4138884.0,1
2002-10-28,-245178307025547046,La Verne,5311,1,4130987.0,4130987.0,4130987.0,1
2003-03-04,4060646732831064559,La Verne,5411,1,4093871.0,4093871.0,4093871.0,1
2003-04-21,-245178307025547046,La Verne,5311,1,4079129.0,4079129.0,4079129.0,1
2002-10-08,5817218446178736267,La Verne,5912,1,4072285.0,4072285.0,4072285.0,1
2003-01-29,2027553650310142703,Mira Loma,5541,1,4052806.0,4052806.0,4052806.0,1
2002-12-26,-727612092139916043,Monterey Park,5411,2,4005160.0,2002580.0,3004857.0,1
2002-11-10,2027553650310142703,Mira Loma,5541,1,4004896.0,4004896.0,4004896.0,1
2003-01-25,3527213246127876953,La Verne,5300,1,3996473.0,3996473.0,3996473.0,1
2002-11-14,-34551508091458520,La Verne,5912,1,3987786.0,3987786.0,3987786.0,1
2003-06-22,5817218446178736267,La Verne,5912,1,3959356.0,3959356.0,3959356.0,1
2002-11-03,3527213246127876953,La Verne,5300,1,3950669.0,3950669.0,3950669.0,1
2002-10-25,4060646732831064559,La Verne,5411,1,3911184.0,3911184.0,3911184.0,1
2002-11-27,-245178307025547046,La Verne,5311,1,3906972.0,3906972.0,3906972.0,1
2002-11-05,-727612092139916043,Monterey Park,5411,1,3896179.0,3896179.0,3896179.0,1
2002-12-02,-727612092139916043,Monterey Park,5411,1,3883807.0,3883807.0,3883807.0,1
2002-09-10,-34551508091458520,La Verne,5912,4,3867488.0,966872.0,966872.0,1
2003-07-03,2027553650310142703,Mira Loma,5541,1,3845637.0,3845637.0,3845637.0,1
2003-05-26,-727612092139916043,Monterey Park,5411,1,3841425.0,3841425.0,3841425.0,1
2002-12-14,-727612092139916043,Monterey Park,5411,1,3840636.0,3840636.0,3840636.0,1
2003-05-15,838425044734233142,Mira Loma,4814,1,3796412.0,3796412.0,3796412.0,1
2002-11-25,2027553650310142703,Mira Loma,5541,1,3765876.0,3765876.0,3765876.0,1
2002-10-10,-34551508091458520,La Verne,5912,1,3739553.0,3739553.0,3739553.0,1
2002-11-24,-34551508091458520,La Verne,5912,1,3731919.0,3731919.0,3731919.0,1
2002-12-13,-245178307025547046,La Verne,5311,1,3720073.0,3720073.0,3720073.0,1
2002-12-11,3527213246127876953,La Verne,5300,1,3716651.0,3716651.0,3716651.0,1
2002-09-23,-34551508091458520,La Verne,5912,4,3714808.0,928702.0,928702.0,1
2002-11-07,-727612092139916043,Monterey Park,5411,1,3707964.0,3707964.0,3707964.0,1
2003-05-27,-34551508091458520,La Verne,5912,1,3687432.0,3687432.0,3687432.0,1
2002-12-25,97032797689821735,Jefferson City,5411,1,3680061.0,3680061.0,3680061.0,1
2002-10-03,4060646732831064559,La Verne,5411,3,3669006.0,1223002.0,1223002.0,1
2002-11-27,5817218446178736267,La Verne,5912,1,3648209.0,3648209.0,3648209.0,1
2002-12-12,-727612092139916043,Monterey Park,5411,1,3645050.0,3645050.0,3645050.0,1
2003-06-18,-727612092139916043,Monterey Park,5411,1,3631625.0,3631625.0,3631625.0,1
2003-03-08,1913477460590765860,La Verne,5300,1,3627414.0,3627414.0,3627414.0,1
2003-04-18,7945328079774550558,La Verne,4900,1,3625045.0,3625045.0,3625045.0,1
2002-09-11,-34551508091458520,La Verne,5912,4,3622148.0,905537.0,905537.0,1
2003-04-10,2027553650310142703,Mira Loma,5541,1,3613462.0,3613462.0,3613462.0,1
2003-01-19,3527213246127876953,La Verne,5300,1,3612146.0,3612146.0,3612146.0,1
2003-04-26,3527213246127876953,La Verne,5300,1,3610040.0,3610040.0,3610040.0,1
2003-02-10,5817218446178736267,La Verne,5912,1,3593719.0,3593719.0,3593719.0,1
2003-02-12,-245178307025547046,La Verne,5311,2,3583716.0,1791858.0,3177014.0,1
2002-10-31,-245178307025547046,La Verne,5311,1,3569501.0,3569501.0,3569501.0,1
2003-07-24,4060646732831064559,La Verne,5411,1,3566606.0,3566606.0,3566606.0,1
2002-10-13,3527213246127876953,La Verne,5300,1,3564500.0,3564500.0,3564500.0,1
2002-11-19,3527213246127876953,La Verne,5300,1,3542388.0,3542388.0,3542388.0,1
2003-03-18,-34551508091458520,La Verne,5912,1,3539492.0,3539492.0,3539492.0,1
2003-01-29,4060646732831064559,La Verne,5411,1,3535807.0,3535807.0,3535807.0,1
2002-12-09,5817218446178736267,La Verne,5912,1,3534227.0,3534227.0,3534227.0,1
2003-01-23,2027553650310142703,Mira Loma,5541,1,3528700.0,3528700.0,3528700.0,1
2002-11-16,-245178307025547046,La Verne,5311,1,3515538.0,3515538.0,3515538.0,1
2003-04-11,1913477460590765860,La Verne,5300,1,3512115.0,3512115.0,3512115.0,1
2003-06-13,2027553650310142703,Mira Loma,5541,1,3507640.0,3507640.0,3507640.0,1
2002-11-02,-245178307025547046,La Verne,5311,1,3498427.0,3498427.0,3498427.0,1
2003-04-10,-3345936507911876459,La Verne,7538,2,3460521.0,1730260.5,2052727.0,1
2002-11-22,4060646732831064559,La Verne,5411,1,3460258.0,3460258.0,3460258.0,1
2002-10-27,2027553650310142703,Mira Loma,5541,1,3448939.0,3448939.0,3448939.0,1
2002-11-11,4060646732831064559,La Verne,5411,1,3434724.0,3434724.0,3434724.0,1
2002-10-19,4060646732831064559,La Verne,5411,1,3427879.0,3427879.0,3427879.0,1
2003-03-13,-8135850083113399757,La Verne,8043,1,3416560.0,3416560.0,3416560.0,1
2002-12-18,2027553650310142703,Mira Loma,5541,1,3412349.0,3412349.0,3412349.0,1
2003-04-18,1913477460590765860,La Verne,5300,1,3405241.0,3405241.0,3405241.0,1
2002-11-23,-727612092139916043,Monterey Park,5411,1,3397607.0,3397607.0,3397607.0,1
2002-12-10,3527213246127876953,La Verne,5300,1,3391026.0,3391026.0,3391026.0,1
2002-12-01,-245178307025547046,La Verne,5311,1,3386025.0,3386025.0,3386025.0,1
2002-12-10,-7421093378627544099,ONLINE,5311,1,3380234.0,3380234.0,3380234.0,1
2002-11-18,2027553650310142703,Mira Loma,5541,1,3351804.0,3351804.0,3351804.0,1
2002-12-02,-6406662083475903219,Chicago,3390,1,3343117.0,3343117.0,3343117.0,1
2002-11-26,1913477460590765860,La Verne,5300,1,3338115.0,3338115.0,3338115.0,1
2002-11-11,-245178307025547046,La Verne,5311,1,3325217.0,3325217.0,3325217.0,1
2003-05-03,-245178307025547046,La Verne,5311,1,3321268.0,3321268.0,3321268.0,1
2003-01-06,2027553650310142703,Mira Loma,5541,1,3321268.0,3321268.0,3321268.0,1
2003-05-25,-7421093378627544099,ONLINE,5311,1,3317320.0,3317320.0,3317320.0,1
2003-06-27,1913477460590765860,La Verne,5300,1,3310212.0,3310212.0,3310212.0,1
2003-04-02,-727612092139916043,Monterey Park,5411,1,3309949.0,3309949.0,3309949.0,1
2003-05-04,3527213246127876953,La Verne,5300,1,3307580.0,3307580.0,3307580.0,1
2003-03-19,-245178307025547046,La Verne,5311,1,3297314.0,3297314.0,3297314.0,1
2003-05-17,1913477460590765860,La Verne,5300,1,3284152.0,3284152.0,3284152.0,1
2003-01-27,2027553650310142703,Mira Loma,5541,1,3280730.0,3280730.0,3280730.0,1
2002-12-27,5817218446178736267,La Verne,5912,1,3263882.0,3263882.0,3263882.0,1
2003-01-03,-727612092139916043,Monterey Park,5411,1,3255196.0,3255196.0,3255196.0,1
2002-11-08,-245178307025547046,La Verne,5311,1,3228345.0,3228345.0,3228345.0,1
2003-04-23,-34551508091458520,La Verne,5912,1,3182542.0,3182542.0,3182542.0,1
2003-05-06,1913477460590765860,La Verne,5300,1,3178857.0,3178857.0,3178857.0,1
2003-04-16,1913477460590765860,La Verne,5300,1,3151217.0,3151217.0,3151217.0,1
2002-12-19,5817218446178736267,La Verne,5912,1,3144636.0,3144636.0,3144636.0,1
2002-10-26,5817218446178736267,La Verne,5912,1,3143846.0,3143846.0,3143846.0,1
2002-10-24,5817218446178736267,La Verne,5912,1,3131474.0,3131474.0,3131474.0,1
2003-06-02,5817218446178736267,La Verne,5912,2,3131474.0,1565737.0,1947695.0,1
2003-02-13,1913477460590765860,La Verne,5300,1,3129895.0,3129895.0,3129895.0,1
2003-06-10,2027553650310142703,Mira Loma,5541,1,3124893.0,3124893.0,3124893.0,1
2002-10-09,2027553650310142703,Mira Loma,5541,1,3112784.0,3112784.0,3112784.0,1
2002-09-25,-727612092139916043,Monterey Park,5411,3,3109890.0,1036630.0,1036630.0,1
2003-02-18,-34551508091458520,La Verne,5912,1,3099886.0,3099886.0,3099886.0,1
2003-06-03,5817218446178736267,La Verne,5912,1,3097253.0,3097253.0,3097253.0,1
2002-09-07,4055257078481058705,La Verne,7538,4,3089356.0,772339.0,772339.0,1
2002-09-10,-6733168469687845480,Mira Loma,7832,4,3088304.0,772076.0,772076.0,1
2002-12-23,3527213246127876953,La Verne,5300,1,3083828.0,3083828.0,3083828.0,1
2003-03-30,-727612092139916043,Monterey Park,5411,1,3081722.0,3081722.0,3081722.0,1
2002-11-07,1913477460590765860,La Verne,5300,1,3076194.0,3076194.0,3076194.0,1
2003-05-15,7834055923142137930,Carrizo Springs,3395,1,3066718.0,3066718.0,3066718.0,1
2003-01-08,1913477460590765860,La Verne,5300,1,3061453.0,3061453.0,3061453.0,1
2002-11-22,-245178307025547046,La Verne,5311,1,3051187.0,3051187.0,3051187.0,1
2003-01-31,3527213246127876953,La Verne,5300,1,3039867.0,3039867.0,3039867.0,1
2002-09-30,-34551508091458520,La Verne,5912,3,3011175.0,1003725.0,1003725.0,1
2002-10-17,3527213246127876953,La Verne,5300,1,3002224.0,3002224.0,3002224.0,1
2002-12-08,3527213246127876953,La Verne,5300,1,2999329.0,2999329.0,2999329.0,1
2002-11-14,4060646732831064559,La Verne,5411,1,2983008.0,2983008.0,2983008.0,1
2002-11-10,-1288082279022882052,La Verne,5499,6,2946155.0,491025.8333333333,2579728.0,1
2002-09-08,4060646732831064559,La Verne,5411,4,2921936.0,730484.0,730484.0,1
2003-03-05,1913477460590765860,La Verne,5300,1,2910618.0,2910618.0,2910618.0,1
2003-03-01,5817218446178736267,La Verne,5912,1,2897719.0,2897719.0,2897719.0,1
2003-01-04,-727612092139916043,Monterey Park,5411,1,2888506.0,2888506.0,2888506.0,1
2003-01-22,4060646732831064559,La Verne,5411,1,2884820.0,2884820.0,2884820.0,1
2002-10-03,-5475680618560174533,Monterey Park,5942,3,2877714.0,959238.0,959238.0,1
2002-12-12,5817218446178736267,La Verne,5912,1,2866657.0,2866657.0,2866657.0,1
2002-11-10,7945328079774550558,La Verne,4900,1,2829804.0,2829804.0,2829804.0,1
2003-03-03,1913477460590765860,La Verne,5300,1,2826908.0,2826908.0,2826908.0,1
2002-11-27,-1605794445852049456,La Verne,5812,1,2820590.0,2820590.0,2820590.0,1
2002-11-05,2027553650310142703,Mira Loma,5541,1,2809271.0,2809271.0,2809271.0,1
2002-12-23,-727612092139916043,Monterey Park,5411,1,2774787.0,2774787.0,2774787.0,1
2002-11-30,3527213246127876953,La Verne,5300,1,2758993.0,2758993.0,2758993.0,1
2002-10-01,3527213246127876953,La Verne,5300,3,2755308.0,918436.0,918436.0,1
2003-06-23,1913477460590765860,La Verne,5300,1,2703713.0,2703713.0,2703713.0,1
2003-05-07,3527213246127876953,La Verne,5300,1,2690814.0,2690814.0,2690814.0,1
2002-10-14,5817218446178736267,La Verne,5912,1,2652118.0,2652118.0,2652118.0,1
2003-03-07,3527213246127876953,La Verne,5300,1,2637904.0,2637904.0,2637904.0,1
2002-10-08,-4282466774399734331,Mira Loma,4829,1,2632376.0,2632376.0,2632376.0,1
2003-01-06,-4282466774399734331,Mira Loma,4829,1,2632376.0,2632376.0,2632376.0,1
2003-06-24,-4282466774399734331,Mira Loma,4829,1,2632376.0,2632376.0,2632376.0,1
2002-11-18,5817218446178736267,La Verne,5912,1,2630270.0,2630270.0,2630270.0,1
2002-11-25,-5904116920141006298,Diamond Bar,5719,1,2615528.0,2615528.0,2615528.0,1
2002-10-15,6042526206085641250,Lincoln,5912,1,2608421.0,2608421.0,2608421.0,1
2003-02-19,-4500542936415012428,La Verne,5814,1,2561565.0,2561565.0,2561565.0,1
2003-01-19,-4500542936415012428,La Verne,5814,1,2559722.0,2559722.0,2559722.0,1
2003-01-07,-5475680618560174533,Monterey Park,5942,2,2546823.0,1273411.5,1320926.0,1
2002-11-19,-1605794445852049456,La Verne,5812,1,2520763.0,2520763.0,2520763.0,1
2002-11-17,-4500542936415012428,La Verne,5814,1,2511286.0,2511286.0,2511286.0,1
2002-12-23,4581048999108455719,Jefferson City,5812,1,2474959.0,2474959.0,2474959.0,1
2003-01-12,-34551508091458520,La Verne,5912,1,2459165.0,2459165.0,2459165.0,1
2002-10-15,-3348978172739825871,Lincoln,5651,1,2448636.0,2448636.0,2448636.0,1
2002-10-01,-727612092139916043,Monterey Park,5411,3,2440212.0,813404.0,813404.0,1
2002-10-18,4060646732831064559,La Verne,5411,1,2398094.0,2398094.0,2398094.0,1
2002-09-08,-6733168469687845480,Mira Loma,7832,4,2375456.0,593864.0,593864.0,1
2002-12-04,-4733023138943446282,Chicago,5812,1,2353080.0,2353080.0,2353080.0,1
2003-06-06,1913477460590765860,La Verne,5300,1,2346236.0,2346236.0,2346236.0,1
2002-10-11,-4500542936415012428,La Verne,5814,1,2302539.0,2302539.0,2302539.0,1
2003-06-08,-4500542936415012428,La Verne,5814,1,2272003.0,2272003.0,2272003.0,1
2002-11-09,-5023497618971072366,Mira Loma,5812,1,2261474.0,2261474.0,2261474.0,1
2003-03-23,2027553650310142703,Mira Loma,5541,1,2244363.0,2244363.0,2244363.0,1
2002-12-12,7945328079774550558,La Verne,4900,1,2230149.0,2230149.0,2230149.0,1
2003-04-03,1913477460590765860,La Verne,5300,1,2190926.0,2190926.0,2190926.0,1
2002-11-20,-245178307025547046,La Verne,5311,1,2189347.0,2189347.0,2189347.0,1
2003-03-21,4060646732831064559,La Verne,5411,1,2161180.0,2161180.0,2161180.0,1
2002-11-28,-245178307025547046,La Verne,5311,1,2143543.0,2143543.0,2143543.0,1
2002-12-25,4581048999108455719,Jefferson City,5812,1,2141701.0,2141701.0,2141701.0,1
2002-12-06,-2744911404133435018,Chicago,5812,1,2101425.0,2101425.0,2101425.0,1
2002-12-03,-4733023138943446282,Chicago,5812,1,2100109.0,2100109.0,2100109.0,1
2002-12-07,-5023497618971072366,Mira Loma,5812,1,2078787.0,2078787.0,2078787.0,1
2003-02-17,-1605794445852049456,La Verne,5812,1,2062466.0,2062466.0,2062466.0,1
2002-12-02,-2744911404133435018,Chicago,5812,1,2061677.0,2061677.0,2061677.0,1
2002-10-30,-727612092139916043,Monterey Park,5411,1,2049304.0,2049304.0,2049304.0,1
2002-11-04,-4500542936415012428,La Verne,5814,1,2037722.0,2037722.0,2037722.0,1
2002-12-24,4581048999108455719,Jefferson City,5812,1,2020348.0,2020348.0,2020348.0,1
2003-01-15,-5904116920141006298,Diamond Bar,5719,1,2018242.0,2018242.0,2018242.0,1
2003-02-02,4751695835751691036,Bell Gardens,5814,1,2012978.0,2012978.0,2012978.0,1
2003-03-28,4060646732831064559,La Verne,5411,1,2000869.0,2000869.0,2000869.0,1
2002-12-01,-727612092139916043,Monterey Park,5411,1,1996920.0,1996920.0,1996920.0,1
2002-11-04,-245178307025547046,La Verne,5311,1,1993235.0,1993235.0,1993235.0,1
2002-12-15,2027553650310142703,Mira Loma,5541,1,1982442.0,1982442.0,1982442.0,1
2003-03-21,3527213246127876953,La Verne,5300,1,1944799.0,1944799.0,1944799.0,1
2003-06-05,-8129520121141002186,La Verne,5211,1,1944273.0,1944273.0,1944273.0,1
2003-06-14,5805127065224074672,ONLINE,7349,2,1934796.0,967398.0,1192993.0,1
2003-03-24,-1605794445852049456,La Verne,5812,1,1934796.0,1934796.0,1934796.0,1
2002-12-08,-4500542936415012428,La Verne,5814,1,1931374.0,1931374.0,1931374.0,1
2002-10-25,-4500542936415012428,La Verne,5814,1,1930847.0,1930847.0,1930847.0,1
2003-01-08,-3345936507911876459,La Verne,7538,1,1930321.0,1930321.0,1930321.0,1
2002-12-30,1913477460590765860,La Verne,5300,1,1928215.0,1928215.0,1928215.0,1
2003-07-26,3952145593743244256,La Verne,7538,1,1924003.0,1924003.0,1924003.0,1
2003-02-12,-4500542936415012428,La Verne,5814,1,1886887.0,1886887.0,1886887.0,1
2002-12-24,4751695835751691036,Jefferson City,5814,1,1885834.0,1885834.0,1885834.0,1
2003-04-02,-1605794445852049456,La Verne,5812,1,1870040.0,1870040.0,1870040.0,1
2002-12-02,-4733023138943446282,Chicago,5812,1,1869776.0,1869776.0,1869776.0,1
2003-04-30,-5023497618971072366,Mira Loma,5812,1,1853982.0,1853982.0,1853982.0,1
2003-05-19,3527213246127876953,La Verne,5300,1,1848717.0,1848717.0,1848717.0,1
2002-12-21,-4500542936415012428,La Verne,5814,1,1847138.0,1847138.0,1847138.0,1
2003-04-16,-1605794445852049456,La Verne,5812,1,1845295.0,1845295.0,1845295.0,1
2002-09-27,4060646732831064559,La Verne,5411,3,1830555.0,610185.0,610185.0,1
2002-11-25,-1288082279022882052,La Verne,5499,3,1824499.0,608166.3333333334,2606052.0,1
2003-03-01,4060646732831064559,La Verne,5411,1,1819498.0,1819498.0,1819498.0,1
2003-05-09,-3220758452254689706,Spring Valley,5311,1,1810021.0,1810021.0,1810021.0,1
2003-01-24,-5023497618971072366,Mira Loma,5812,1,1803177.0,1803177.0,1803177.0,1
2003-06-12,-34551508091458520,La Verne,5912,1,1786856.0,1786856.0,1786856.0,1
2003-04-10,8080934608468946743,Monterey Park,5310,1,1786330.0,1786330.0,1786330.0,1
2003-05-23,3527213246127876953,La Verne,5300,1,1777643.0,1777643.0,1777643.0,1
2003-06-01,838425044734233142,Mira Loma,4814,1,1769483.0,1769483.0,1769483.0,1
2002-11-15,-3345936507911876459,La Verne,7538,1,1763165.0,1763165.0,1763165.0,1
2003-03-12,-7146670748125200898,Sioux City,5970,1,1757637.0,1757637.0,1757637.0,1
2002-12-02,-1288082279022882052,La Verne,5499,3,1748161.0,582720.3333333334,1748161.0,1
2002-11-22,3952145593743244256,La Verne,7538,1,1735262.0,1735262.0,1735262.0,1
2003-03-05,3952145593743244256,La Verne,7538,1,1729208.0,1729208.0,1729208.0,1
2002-12-28,-5904116920141006298,Diamond Bar,5719,1,1727102.0,1727102.0,1727102.0,1
2003-01-04,7945328079774550558,La Verne,4900,1,1724206.0,1724206.0,1724206.0,1
2003-05-25,-1605794445852049456,La Verne,5812,1,1716835.0,1716835.0,1716835.0,1
2003-03-23,3952145593743244256,La Verne,7538,1,1711307.0,1711307.0,1711307.0,1
2003-04-14,-1605794445852049456,La Verne,5812,1,1704200.0,1704200.0,1704200.0,1
2003-07-06,838425044734233142,Mira Loma,4814,1,1703673.0,1703673.0,1703673.0,1
2002-11-13,-1605794445852049456,La Verne,5812,1,1682088.0,1682088.0,1682088.0,1
2003-04-15,-34551508091458520,La Verne,5912,1,1644972.0,1644972.0,1644972.0,1
2002-10-24,-1288082279022882052,La Verne,5499,3,1632336.0,544112.0,1737368.0,1
2002-10-31,2027553650310142703,Mira Loma,5541,3,1607855.0,535951.6666666666,2527081.0,1
2002-11-20,3952145593743244256,La Verne,7538,1,1606276.0,1606276.0,1606276.0,1
2003-05-29,-727612092139916043,Monterey Park,5411,1,1605223.0,1605223.0,1605223.0,1
2003-03-31,-5475680618560174533,Monterey Park,5942,1,1588902.0,1588902.0,1588902.0,1
2003-06-18,4055257078481058705,La Verne,7538,1,1582847.0,1582847.0,1582847.0,1
2002-11-16,4055257078481058705,La Verne,7538,1,1572581.0,1572581.0,1572581.0,1
2003-01-13,3952145593743244256,La Verne,7538,1,1563105.0,1563105.0,1563105.0,1
2003-02-10,1913477460590765860,La Verne,5300,1,1545994.0,1545994.0,1545994.0,1
2002-10-13,-1288082279022882052,La Verne,5499,3,1543099.0,514366.3333333333,2606052.0,1
2002-12-11,-9092677072201095172,ONLINE,4900,1,1537834.0,1537834.0,1537834.0,1
2002-12-15,7945328079774550558,La Verne,4900,1,1529410.0,1529410.0,1529410.0,1
2002-11-15,6661973303171003879,Ontario,5211,1,1527568.0,1527568.0,1527568.0,1
2003-05-11,-1288082279022882052,La Verne,5499,3,1525988.0,508662.6666666667,1525988.0,1
2003-03-28,7945328079774550558,La Verne,4900,1,1520987.0,1520987.0,1520987.0,1
2003-03-10,-7091578704632084081,Fontanelle,5812,1,1520197.0,1520197.0,1520197.0,1
2003-04-20,4055257078481058705,La Verne,7538,1,1516248.0,1516248.0,1516248.0,1
2002-12-26,3952145593743244256,La Verne,7538,1,1507035.0,1507035.0,1507035.0,1
2003-03-17,-3345936507911876459,La Verne,7538,1,1492030.0,1492030.0,1492030.0,1
2003-07-20,-34551508091458520,La Verne,5912,1,1480185.0,1480185.0,1480185.0,1
2003-03-04,-245178307025547046,La Verne,5311,1,1474130.0,1474130.0,1474130.0,1
2003-01-12,838425044734233142,Mira Loma,4814,1,1465970.0,1465970.0,1465970.0,1
2002-11-04,3527213246127876953,La Verne,5300,1,1463864.0,1463864.0,1463864.0,1
2002-12-24,-8408860211649002936,Jefferson City,7538,1,1459389.0,1459389.0,1459389.0,1
2002-10-15,-4334232547381218591,Lincoln,5541,3,1455704.0,485234.6666666667,2316490.0,1
2002-12-13,-4500542936415012428,La Verne,5814,1,1454387.0,1454387.0,1454387.0,1
2003-05-03,-5475680618560174533,Monterey Park,5942,1,1450702.0,1450702.0,1450702.0,1
2003-02-02,3699106470332963671,Playa Vista,5812,1,1445437.0,1445437.0,1445437.0,1
2002-11-20,5817218446178736267,La Verne,5912,1,1428327.0,1428327.0,1428327.0,1
2003-02-14,3952145593743244256,La Verne,7538,1,1419640.0,1419640.0,1419640.0,1
2002-12-22,-727612092139916043,Monterey Park,5411,1,1414639.0,1414639.0,1414639.0,1
2003-02-04,4722913068560264812,Playa Vista,5411,1,1398581.0,1398581.0,1398581.0,1
2002-10-09,-4956618006720593695,ONLINE,5193,1,1397528.0,1397528.0,1397528.0,1
2002-11-19,8080934608468946743,Monterey Park,5310,1,1393580.0,1393580.0,1393580.0,1
2003-04-03,4055257078481058705,La Verne,7538,1,1393580.0,1393580.0,1393580.0,1
2003-05-03,-4500542936415012428,La Verne,5814,1,1391474.0,1391474.0,1391474.0,1
2003-02-10,4060646732831064559,La Verne,5411,1,1374363.0,1374363.0,1374363.0,1
2002-11-24,-4500542936415012428,La Verne,5814,1,1367782.0,1367782.0,1367782.0,1
2003-04-13,4055257078481058705,La Verne,7538,1,1356463.0,1356463.0,1356463.0,1
2003-06-20,2027553650310142703,Mira Loma,5541,1,1352515.0,1352515.0,1352515.0,1
2002-12-10,-34551508091458520,La Verne,5912,1,1348566.0,1348566.0,1348566.0,1
2002-09-14,-4500542936415012428,La Verne,5814,4,1343564.0,335891.0,335891.0,1
2003-01-02,5817218446178736267,La Verne,5912,2,1341985.0,670992.5,1193782.0,1
2003-03-15,-34551508091458520,La Verne,5912,1,1335404.0,1335404.0,1335404.0,1
2002-11-25,-5475680618560174533,Monterey Park,5942,1,1334088.0,1334088.0,1334088.0,1
2002-10-05,9137769173591184401,La Verne,7210,3,1332246.0,444082.0,444082.0,1
2002-12-15,-727612092139916043,Monterey Park,5411,1,1321453.0,1321453.0,1321453.0,1
2003-04-27,5817218446178736267,La Verne,5912,1,1319347.0,1319347.0,1319347.0,1
2003-07-15,-727612092139916043,Monterey Park,5411,1,1319083.0,1319083.0,1319083.0,1
2003-05-23,-5475680618560174533,Monterey Park,5942,1,1300130.0,1300130.0,1300130.0,1
2002-10-21,2027553650310142703,Mira Loma,5541,3,1291970.0,430656.6666666667,1500454.0,1
2003-05-03,-727612092139916043,Monterey Park,5411,1,1271174.0,1271174.0,1271174.0,1
2003-06-16,-5475680618560174533,Monterey Park,5942,1,1266436.0,1266436.0,1266436.0,1
2002-12-19,-5475680618560174533,Monterey Park,5942,1,1256433.0,1256433.0,1256433.0,1
2002-12-08,-34551508091458520,La Verne,5912,1,1247746.0,1247746.0,1247746.0,1
2003-04-13,4060646732831064559,La Verne,5411,1,1238269.0,1238269.0,1238269.0,1
2003-06-28,-5475680618560174533,Monterey Park,5942,1,1235637.0,1235637.0,1235637.0,1
2003-01-23,4060646732831064559,La Verne,5411,1,1231952.0,1231952.0,1231952.0,1
2002-12-07,-6406662083475903219,Chicago,3390,2,1220896.0,610448.0,4564013.0,1
2002-12-28,-5475680618560174533,Monterey Park,5942,1,1218790.0,1218790.0,1218790.0,1
2003-02-18,-2474135582844411583,La Verne,7349,1,1215631.0,1215631.0,1215631.0,1
2002-11-01,-5475680618560174533,Monterey Park,5942,1,1213525.0,1213525.0,1213525.0,1
2002-12-23,-8408860211649002936,Jefferson City,7538,1,1182463.0,1182463.0,1182463.0,1
2003-02-06,-5475680618560174533,Manhattan Beach,5942,1,1178778.0,1178778.0,1178778.0,1
2003-06-13,-5475680618560174533,Monterey Park,5942,1,1177462.0,1177462.0,1177462.0,1
2003-06-21,-5475680618560174533,Monterey Park,5942,1,1162720.0,1162720.0,1162720.0,1
2003-01-06,5817218446178736267,La Verne,5912,1,1157982.0,1157982.0,1157982.0,1
2003-06-29,-727612092139916043,Monterey Park,5411,1,1151928.0,1151928.0,1151928.0,1
2002-10-21,-34551508091458520,La Verne,5912,1,1150085.0,1150085.0,1150085.0,1
2003-06-01,4060646732831064559,La Verne,5411,1,1149032.0,1149032.0,1149032.0,1
2003-03-07,-1288082279022882052,La Verne,5499,3,1147716.0,382572.0,1737368.0,1
2003-06-01,7945328079774550558,La Verne,4900,1,1137186.0,1137186.0,1137186.0,1
2003-07-23,-727612092139916043,Monterey Park,5411,1,1132711.0,1132711.0,1132711.0,1
2003-06-11,5817218446178736267,La Verne,5912,1,1124551.0,1124551.0,1124551.0,1
2003-03-14,4060646732831064559,La Verne,5411,1,1121392.0,1121392.0,1121392.0,1
2002-12-31,5445101915276107289,La Verne,5193,1,1114285.0,1114285.0,1114285.0,1
2002-11-08,-34551508091458520,La Verne,5912,1,1105861.0,1105861.0,1105861.0,1
2003-04-04,4060646732831064559,La Verne,5411,1,1104808.0,1104808.0,1104808.0,1
2003-05-21,-5475680618560174533,Monterey Park,5942,1,1104282.0,1104282.0,1104282.0,1
2003-06-20,-727612092139916043,Monterey Park,5411,1,1102965.0,1102965.0,1102965.0,1
2003-06-06,-5475680618560174533,Monterey Park,5942,1,1085855.0,1085855.0,1085855.0,1
2002-12-30,5817218446178736267,La Verne,5912,1,1084012.0,1084012.0,1084012.0,1
2003-03-23,-4500542936415012428,La Verne,5814,1,1082170.0,1082170.0,1082170.0,1
2002-10-20,-34551508091458520,La Verne,5912,1,1079800.0,1079800.0,1079800.0,1
2003-04-01,4060646732831064559,La Verne,5411,1,1078747.0,1078747.0,1078747.0,1
2002-11-10,-727612092139916043,Monterey Park,5411,1,1073483.0,1073483.0,1073483.0,1
2003-05-19,5817218446178736267,La Verne,5912,1,1060321.0,1060321.0,1060321.0,1
2003-03-31,3952145593743244256,La Verne,7538,1,1056899.0,1056899.0,1056899.0,1
2003-06-09,-5413376491460213491,La Verne,5813,1,1055319.0,1055319.0,1055319.0,1
2002-12-21,-727612092139916043,Monterey Park,5411,1,1054530.0,1054530.0,1054530.0,1
2003-03-14,-34551508091458520,La Verne,5912,1,1050055.0,1050055.0,1050055.0,1
2003-06-01,-727612092139916043,Monterey Park,5411,1,1041631.0,1041631.0,1041631.0,1
2003-04-28,4060646732831064559,La Verne,5411,1,1035313.0,1035313.0,1035313.0,1
2003-01-21,-5475680618560174533,Monterey Park,5942,1,1032154.0,1032154.0,1032154.0,1
2002-11-15,-5475680618560174533,Monterey Park,5942,1,1031365.0,1031365.0,1031365.0,1
2003-03-11,-5475680618560174533,Estherville,5942,1,1031365.0,1031365.0,1031365.0,1
2002-10-25,-727612092139916043,Monterey Park,5411,1,1029785.0,1029785.0,1029785.0,1
2002-11-23,5817218446178736267,La Verne,5912,1,1026363.0,1026363.0,1026363.0,1
2002-11-29,-727612092139916043,Monterey Park,5411,1,1020309.0,1020309.0,1020309.0,1
2003-06-30,4060646732831064559,La Verne,5411,1,1014518.0,1014518.0,1014518.0,1
2002-10-26,-5475680618560174533,Monterey Park,5942,1,1011359.0,1011359.0,1011359.0,1
2002-12-07,4060646732831064559,La Verne,5411,1,1011095.0,1011095.0,1011095.0,1
2003-01-26,-34551508091458520,La Verne,5912,1,993459.0,993459.0,993459.0,1
2002-10-11,-5475680618560174533,Monterey Park,5942,1,992142.0,992142.0,992142.0,1
2003-03-01,-5475680618560174533,Monterey Park,5942,1,990563.0,990563.0,990563.0,1
2002-10-31,-5475680618560174533,Monterey Park,5942,1,990563.0,990563.0,990563.0,1
2002-12-27,-5475680618560174533,Monterey Park,5942,1,981613.0,981613.0,981613.0,1
2002-11-23,-34551508091458520,La Verne,5912,1,980033.0,980033.0,980033.0,1
2003-03-15,-727612092139916043,Monterey Park,5411,1,977664.0,977664.0,977664.0,1
2002-10-27,-34551508091458520,La Verne,5912,1,975558.0,975558.0,975558.0,1
2003-02-25,-4816289482172287511,Zurich,5411,1,973189.0,973189.0,973189.0,1
2003-05-02,-5475680618560174533,Monterey Park,5942,1,972926.0,972926.0,972926.0,1
2003-03-23,5817218446178736267,La Verne,5912,1,971083.0,971083.0,971083.0,1
2003-03-22,-5475680618560174533,Monterey Park,5942,1,966608.0,966608.0,966608.0,1
2003-01-10,5817218446178736267,La Verne,5912,1,966082.0,966082.0,966082.0,1
2003-01-12,4060646732831064559,La Verne,5411,1,965029.0,965029.0,965029.0,1
2003-01-16,4060646732831064559,La Verne,5411,1,961607.0,961607.0,961607.0,1
2003-03-09,5817218446178736267,La Verne,5912,1,955816.0,955816.0,955816.0,1
2003-03-12,5817218446178736267,Onawa,5912,1,950288.0,950288.0,950288.0,1
2003-05-03,5817218446178736267,La Verne,5912,1,947918.0,947918.0,947918.0,1
2002-10-30,5817218446178736267,La Verne,5912,1,945549.0,945549.0,945549.0,1
2002-10-25,-5904116920141006298,Diamond Bar,5719,1,942917.0,942917.0,942917.0,1
2003-07-18,-34551508091458520,La Verne,5912,1,941074.0,941074.0,941074.0,1
2003-05-24,-727612092139916043,Monterey Park,5411,1,937652.0,937652.0,937652.0,1
2002-11-28,-727612092139916043,Monterey Park,5411,1,937126.0,937126.0,937126.0,1
2003-05-18,-34551508091458520,La Verne,5912,1,931335.0,931335.0,931335.0,1
2003-03-13,5817218446178736267,Onawa,5912,1,930282.0,930282.0,930282.0,1
2002-12-23,-5475680618560174533,Monterey Park,5942,1,928702.0,928702.0,928702.0,1
2003-05-01,-5475680618560174533,Monterey Park,5942,1,926859.0,926859.0,926859.0,1
2003-06-20,4060646732831064559,La Verne,5411,1,926070.0,926070.0,926070.0,1
2003-05-27,838425044734233142,Mira Loma,4814,1,918962.0,918962.0,918962.0,1
2003-02-04,-5475680618560174533,Manhattan Beach,5942,1,906064.0,906064.0,906064.0,1
2003-07-06,4060646732831064559,La Verne,5411,1,898693.0,898693.0,898693.0,1
2002-09-30,2027553650310142703,Mira Loma,5541,3,892374.0,297458.0,297458.0,1
2002-12-19,838425044734233142,Mira Loma,4814,1,891322.0,891322.0,891322.0,1
2003-02-16,4060646732831064559,La Verne,5411,1,878950.0,878950.0,878950.0,1
2003-06-12,-3265671264153192329,Monterey Park,7832,1,874212.0,874212.0,874212.0,1
2003-01-27,-727612092139916043,Monterey Park,5411,1,862629.0,862629.0,862629.0,1
2003-04-12,-6733168469687845480,Mira Loma,7832,1,857102.0,857102.0,857102.0,1
2003-01-29,-3265671264153192329,Monterey Park,7832,1,848415.0,848415.0,848415.0,1
2003-06-03,-727612092139916043,Monterey Park,5411,1,844466.0,844466.0,844466.0,1
2003-04-22,5817218446178736267,La Verne,5912,1,833410.0,833410.0,833410.0,1
2003-05-04,-727612092139916043,Monterey Park,5411,1,831304.0,831304.0,831304.0,1
2002-10-09,-5475680618560174533,Monterey Park,5942,1,816300.0,816300.0,816300.0,1
2002-12-13,-34551508091458520,La Verne,5912,1,810772.0,810772.0,810772.0,1
2003-03-24,5817218446178736267,La Verne,5912,1,803138.0,803138.0,803138.0,1
2002-11-02,-727612092139916043,Monterey Park,5411,1,802875.0,802875.0,802875.0,1
2003-05-14,8770419670485183201,Austin,7349,1,801032.0,801032.0,801032.0,1
2002-10-13,5817218446178736267,La Verne,5912,1,789713.0,789713.0,789713.0,1
2002-10-29,-3265671264153192329,Monterey Park,7832,1,788397.0,788397.0,788397.0,1
2003-01-05,-5413376491460213491,La Verne,5813,1,777867.0,777867.0,777867.0,1
2003-06-19,-34551508091458520,La Verne,5912,1,774182.0,774182.0,774182.0,1
2003-01-30,-6733168469687845480,Mira Loma,7832,1,772602.0,772602.0,772602.0,1
2003-04-17,-6733168469687845480,Mira Loma,7832,1,762599.0,762599.0,762599.0,1
2003-04-14,5817218446178736267,La Verne,5912,1,760493.0,760493.0,760493.0,1
2003-03-30,-34551508091458520,La Verne,5912,1,757071.0,757071.0,757071.0,1
2002-11-05,4241336128694185533,ONLINE,4814,1,747331.0,747331.0,747331.0,1
2003-05-09,838425044734233142,Mira Loma,4814,1,739698.0,739698.0,739698.0,1
2002-10-08,5445101915276107289,La Verne,5193,1,716533.0,716533.0,716533.0,1
2003-04-19,-3265671264153192329,Monterey Park,7832,1,705477.0,705477.0,705477.0,1
2003-02-28,-245178307025547046,La Verne,5311,1,702055.0,702055.0,702055.0,1
2003-02-28,5817218446178736267,La Verne,5912,1,696527.0,696527.0,696527.0,1
2003-02-07,-34551508091458520,La Verne,5912,1,665201.0,665201.0,665201.0,1
2003-05-25,5817218446178736267,La Verne,5912,1,659147.0,659147.0,659147.0,1
2002-12-24,1161578400968813655,Jefferson City,5813,1,658357.0,658357.0,658357.0,1
2003-05-02,838425044734233142,Mira Loma,4814,1,658094.0,658094.0,658094.0,1
2003-04-04,5817218446178736267,La Verne,5912,1,656778.0,656778.0,656778.0,1
2003-04-19,-34551508091458520,La Verne,5912,1,653356.0,653356.0,653356.0,1
2002-11-01,-86825621511712373,La Verne,7230,1,649407.0,649407.0,649407.0,1
2002-11-30,5817218446178736267,La Verne,5912,1,646248.0,646248.0,646248.0,1
2002-10-19,-34551508091458520,La Verne,5912,1,632297.0,632297.0,632297.0,1
2003-05-17,-5475680618560174533,Monterey Park,5942,1,621241.0,621241.0,621241.0,1
2003-02-23,4060646732831064559,La Verne,5411,1,620977.0,620977.0,620977.0,1
2003-04-28,838425044734233142,Mira Loma,4814,1,570699.0,570699.0,570699.0,1
2003-04-12,4060646732831064559,La Verne,5411,1,554378.0,554378.0,554378.0,1
2003-01-25,4060646732831064559,La Verne,5411,1,528844.0,528844.0,528844.0,1
2003-04-23,-727612092139916043,Monterey Park,5411,1,523316.0,523316.0,523316.0,1
2003-07-20,-727612092139916043,Monterey Park,5411,1,498835.0,498835.0,498835.0,1
2003-02-02,5817218446178736267,La Verne,5912,1,492517.0,492517.0,492517.0,1
2002-12-03,-2565173608660320061,Chicago,5912,1,485673.0,485673.0,485673.0,1
2002-10-23,-3345936507911876459,La Verne,7538,1,469089.0,469089.0,469089.0,1
2003-05-25,1913477460590765860,La Verne,5300,1,448557.0,448557.0,448557.0,1
2002-11-01,2027553650310142703,Mira Loma,5541,1,441186.0,441186.0,441186.0,1
2003-05-25,6135208568923449408,La Verne,9402,1,440660.0,440660.0,440660.0,1
2003-04-13,-86825621511712373,La Verne,7230,1,420654.0,420654.0,420654.0,1
2003-05-26,9137769173591184401,La Verne,7210,1,409861.0,409861.0,409861.0,1
2003-04-01,-4500542936415012428,La Verne,5814,1,409598.0,409598.0,409598.0,1
2003-05-01,4241336128694185533,ONLINE,4814,1,394067.0,394067.0,394067.0,1
2003-02-10,3527213246127876953,La Verne,5300,1,386433.0,386433.0,386433.0,1
2003-05-20,-727612092139916043,Monterey Park,5411,1,371428.0,371428.0,371428.0,1
2003-06-24,2027553650310142703,Mira Loma,5541,1,357740.0,357740.0,357740.0,1
2003-03-26,-727612092139916043,Monterey Park,5411,1,331153.0,331153.0,331153.0,1
2003-06-22,-727612092139916043,Monterey Park,5411,1,327204.0,327204.0,327204.0,1
2002-11-02,3527213246127876953,La Verne,5300,1,318254.0,318254.0,318254.0,1
2003-03-10,3397452747792109772,Massena,5541,1,315622.0,315622.0,315622.0,1
2003-02-23,-4500542936415012428,La Verne,5814,1,297722.0,297722.0,297722.0,1
2002-09-21,-727612092139916043,Monterey Park,5411,4,293772.0,73443.0,73443.0,1
2003-07-13,-1605794445852049456,La Verne,5812,1,291930.0,291930.0,291930.0,1
2003-06-28,-1605794445852049456,La Verne,5812,1,277716.0,277716.0,277716.0,1
2003-02-09,2027553650310142703,Mira Loma,5541,1,269555.0,269555.0,269555.0,1
2003-05-14,-727612092139916043,Austin,5411,1,267449.0,267449.0,267449.0,1
2003-03-07,-1605794445852049456,La Verne,5812,1,266396.0,266396.0,266396.0,1
2003-02-06,7069584154815291371,Bell Gardens,5812,1,266133.0,266133.0,266133.0,1
2002-12-24,6455213054093379528,ONLINE,5815,1,261132.0,261132.0,261132.0,1
2002-12-05,-727612092139916043,Chicago,5411,1,261132.0,261132.0,261132.0,1
2002-12-28,1913477460590765860,La Verne,5300,1,260079.0,260079.0,260079.0,1
2002-10-29,2027553650310142703,Mira Loma,5541,1,256920.0,256920.0,256920.0,1
2003-04-21,2027553650310142703,Mira Loma,5541,1,244811.0,244811.0,244811.0,1
2003-02-13,-4500542936415012428,La Verne,5814,1,235334.0,235334.0,235334.0,1
2003-07-14,6455213054093379528,ONLINE,5815,1,225068.0,225068.0,225068.0,1
2003-04-20,-4500542936415012428,La Verne,5814,1,224278.0,224278.0,224278.0,1
2003-05-29,-521141999023077663,ONLINE,5815,1,221120.0,221120.0,221120.0,1
2003-02-24,-727612092139916043,Zurich,5411,1,197955.0,197955.0,197955.0,1
2003-01-10,-2042049018365856408,ONLINE,5815,1,171368.0,171368.0,171368.0,1
2003-07-22,5817218446178736267,La Verne,5912,1,164260.0,164260.0,164260.0,1
2002-12-30,9137769173591184401,La Verne,7210,1,162944.0,162944.0,162944.0,1
2002-12-28,2027553650310142703,Mira Loma,5541,1,159522.0,159522.0,159522.0,1
2003-03-20,2027553650310142703,Mira Loma,5541,1,125038.0,125038.0,125038.0,1
2003-04-10,-521141999023077663,ONLINE,5815,1,124511.0,124511.0,124511.0,1
2002-09-12,6666504894937430109,La Verne,5499,4,118984.0,29746.0,29746.0,1
2003-06-10,5817218446178736267,La Verne,5912,1,115561.0,115561.0,115561.0,1
2002-10-16,-727612092139916043,Monterey Park,5411,1,96082.0,96082.0,96082.0,1
2002-12-23,-6343149209980797253,Jefferson City,5921,1,95292.0,95292.0,95292.0,1
2003-01-30,2027553650310142703,Mira Loma,5541,1,92660.0,92660.0,92660.0,1
2002-10-28,6666504894937430109,La Verne,5499,1,60545.0,60545.0,60545.0,1
2002-10-18,6666504894937430109,La Verne,5499,1,48436.0,48436.0,48436.0,1
2003-05-21,6666504894937430109,La Verne,5499,1,44750.0,44750.0,44750.0,1
2003-07-23,6666504894937430109,La Verne,5499,1,39222.0,39222.0,39222.0,1
2003-01-24,-7232193519160172381,La Verne,7542,1,36590.0,36590.0,36590.0,1
2002-12-07,-7807051024009846392,Peoria,3684,2,-1620227.0,-810113.5,3934085.0,1
2002-10-16,7834055923142137930,Tilden,3395,2,-1693144.0,-846572.0,3755873.0,1
2003-05-15,1715299929786123066,Austin,3722,2,-2168288.0,-1084144.0,3675586.0,1
2002-12-25,-8566951830324093739,Waynesville,3640,2,-2832173.0,-1416086.5,3880385.0,1
2003-05-15,-6406662083475903219,Eagle Pass,3390,2,-7976624.0,-3988312.0,3342591.0,1
